{"cameraMode":{"drawMode":0,"name":"Shaded","section":"Shading Mode"},"sceneLighting":true,"audioPlay":false,"sceneViewState":{"m_AlwaysRefresh":false,"showFog":true,"showSkybox":true,"showFlares":true,"showImageEffects":true,"showParticleSystems":true,"showVisualEffectGraphs":true,"m_FxEnabled":true},"in2DMode":false,"pivot":{"x":0.523688793182373,"y":1.2558667659759522,"z":0.2967594861984253},"rotation":{"x":0.1353149712085724,"y":0.7022657990455627,"z":-0.13873808085918427,"w":0.6852703094482422},"size":14.816926002502442,"orthographic":true}